Workbook

Sheet README
A1: WordCamp Joburg: MCP plugin comparison scoring sheet
A3: How to use
A4: 1. For each plugin, install it on a clean site (setup_test_sites.sh), connect Claude Desktop, then work through the Tasks sheet (Pass / Partial / Fail).
A5: 2. On the Scores sheet, fill the yellow cells with a score from 0 to 5 (blue text = your input). Grey-header columns marked (auto) are formulas, so leave them alone.
A6: 3. Set 'Security hard fail?' to Y for a serious security failure (no auth, everything exposed by default). The plugin's total is then capped (Weights sheet).
A7: 4. Rank appears once both Setup and Security have at least one score. Weights, thresholds and the cap live on the Weights sheet.
A9: Scoring scale (0-5)
A10: 0 = missing or broken 1 = poor 2 = weak 3 = acceptable 4 = good 5 = excellent
A11: Example: 'In-plugin connection guide' = 5 if the plugin shows a ready-to-copy Claude Desktop config; 3 if there is generic text only; 0 if nothing.
A13: Colour key
A14: Blue text on yellow = input. Black = formula or fixed data. Weights and thresholds on the Weights sheet are inputs too.
A16: Sheets
... A26: established = 100+ installs. challenger = under 100 installs, hand-picked after a pre-screen, so newer plugins get a fair chance. Both lanes are scored identically.

Sheet Scores
A1: Weighted scores (out of 100)
A2: Yellow cells: score 0-5. Area score = average of that area's sub-scores / 5 x area weight. Blank sub-scores are ignored.
D3: Setup & connection | J3: Security & auth | Q3: Capabilities | U3: Quality & maintenance
A4: Lane | B4: Slug | C4: Name | D4: Time to first tool call | E4: Steps needed / ease | F4: Works in Claude Desktop (no terminal) | G4: In-plugin connection guide | H4: Error messages | I4: Area score | J4: Auth method | K4: Permission scoping | L4: Read-only mode | M4: Destructive-action confirmation | N4: Audit log | O4: Safe defaults | P4: Area score | Q4: Task pass rate (auto) | R4: Breadth of tools | S4: Output quality | T4: Area score | U4: Update recency (auto) | V4: Adoption (auto) | W4: Rating (auto) | X4: WP compatibility (auto) | Y4: Abilities API / standards | Z4: Docs & support | AA4: Area score | AB4: Security hard fail? (Y/N) | AC4: Raw total | AD4: Final total | AE4: Rank | AF4: Notes
A5: established | B5: ai-engine | C5: AI Engine – The Chatbot, AI Framework & MCP for WordPress | I5: =IF(COUNT(D5:H5)=0,0,AVERAGE(D5:H5)/5*Weights!$B$6) -> 0 | P5: =IF(COUNT(J5:O5)=0,0,AVERAGE(J5:O5)/5*Weights!$B$7) -> 0 | Q5: =IFERROR(IF(INDEX(Tasks!$K$5:$K$40,MATCH($B5,Tasks!$A$5:$A$40,0))="","",INDEX(Tasks!$K$5:$K$40,MATCH($B5,Tasks!$A$5:$A$40,0))*5),"") | T5: =IF(COUNT(Q5:S5)=0,0,AVERAGE(Q5:S5)/5*Weights!$B$8) -> 0 | U5: =IF(INDEX(Plugins!$F$5:$F$41,MATCH($B5,Plugins!$B$5:$B$41,0))<=Weights!$B$16,5,IF(INDEX(Plugins!$F$5:$F$41,MATCH($B5,Plugins!$B$5:$B$41,0))<=Weights!$B$17,4,IF(INDEX(Plugins!$F$5:$F$41,MATCH($B5,Plugins!$B$5:$B$41,0))<=Weights!$B$18,3,IF(INDEX(Plugins!$F$5:$F$41,MATCH($B5,Plugins!$B$5:$B$41,0))<=Weights!$B$19,2,1)))) -> 5 | V5: =IF(INDEX(Plugins!$D$5:$D$41,MATCH($B5,Plugins!$B$5:$B$41,0))>=Weights!$B$22,5,IF(INDEX(Plugins!$D$5:$D$41,MATCH($B5,Plugins!$B$5:$B$41,0))>=Weights!$B$23,4,IF(INDEX(Plugins!$D$5:$D$41,MATCH($B5,Plugins!$B$5:$B$41,0))>=Weights!$B$24,3,IF(INDEX(Plugins!$D$5:$D$41,MATCH($B5,Plugins!$B$5:$B$41,0))>=Weights!$B$25,2,1)))) -> 5 | W5: =IF(INDEX(Plugins!$H$5:$H$41,MATCH($B5,Plugins!$B$5:$B$41,0))=0,"",INDEX(Plugins!$G$5:$G$41,MATCH($B5,Plugins!$B$5:$B$41,0))/20) -> 4.9 | X5: =IF(INDEX(Plugins!$I$5:$I$41,MATCH($B5,Plugins!$B$5:$B$41,0))="Y",5,2) -> 5 | AA5: =IF(COUNT(U5:Z5)=0,0,AVERAGE(U5:Z5)/5*Weights!$B$9) -> 14.925 | AC5: =I5+P5+T5+AA5 -> 14.925 | AD5: =IF(AB5="Y",MIN(AC5,Weights!$B$13),AC5) -> 14.925 | AE5: =IF(AND(COUNT(D5:H5)>0,COUNT(J5:O5)>0),RANK(AD5,$AD$5:$AD$40),"")
A6: established | B6: vibe-ai | C6: WPVibe – MCP Server for WordPress, works with Claude, ChatGPT & other AI MCP agents | I6: =IF(COUNT(D6:H6)=0,0,AVERAGE(D6:H6)/5*Weights!$B$6) -> 0 | P6: =IF(COUNT(J6:O6)=0,0,AVERAGE(J6:O6)/5*Weights!$B$7) -> 0 | Q6: =IFERROR(IF(INDEX(Tasks!$K$5:$K$40,MATCH($B6,Tasks!$A$5:$A$40,0))="","",INDEX(Tasks!$K$5:$K$40,MATCH($B6,Tasks!$A$5:$A$40,0))*5),"") | T6: =IF(COUNT(Q6:S6)=0,0,AVERAGE(Q6:S6)/5*Weights!$B$8) -> 0 | U6: =IF(INDEX(Plugins!$F$5:$F$41,MATCH($B6,Plugins!$B$5:$B$41,0))<=Weights!$B$16,5,IF(INDEX(Plugins!$F$5:$F$41,MATCH($B6,Plugins!$B$5:$B$41,0))<=Weights!$B$17,4,IF(INDEX(Plugins!$F$5:$F$41,MATCH($B6,Plugins!$B$5:$B$41,0))<=Weights!$B$18,3,IF(INDEX(Plugins!$F$5:$F$41,MATCH($B6,Plugins!$B$5:$B$41,0))<=Weights!$B$19,2,1)))) -> 5 | V6: =IF(INDEX(Plugins!$D$5:$D$41,MATCH($B6,Plugins!$B$5:$B$41,0))>=Weights!$B$22,5,IF(INDEX(Plugins!$D$5:$D$41,MATCH($B6,Plugins!$B$5:$B$41,0))>=Weights!$B$23,4,IF(INDEX(Plugins!$D$5:$D$41,MATCH($B6,Plugins!$B$5:$B$41,0))>=Weights!$B$24,3,IF(INDEX(Plugins!$D$5:$D$41,MATCH($B6,Plugins!$B$5:$B$41,0))>=Weights!$B$25,2,1)))) -> 5 | W6: =IF(INDEX(Plugins!$H$5:$H$41,MATCH($B6,Plugins!$B$5:$B$41,0))=0,"",INDEX(Plugins!$G$5:$G$41,MATCH($B6,Plugins!$B$5:$B$41,0))/20) -> 5 | X6: =IF(INDEX(Plugins!$I$5:$I$41,MATCH($B6,Plugins!$B$5:$B$41,0))="Y",5,2) -> 5 | AA6: =IF(COUNT(U6:Z6)=0,0,AVERAGE(U6:Z6)/5*Weights!$B$9) -> 15 | AC6: =I6+P6+T6+AA6 -> 15 | AD6: =IF(AB6="Y",MIN(AC6,Weights!$B$13),AC6) -> 15 | AE6: =IF(AND(COUNT(D6:H6)>0,COUNT(J6:O6)>0),RANK(AD6,$AD$5:$AD$40),"")
A7: established | B7: easy-mcp-ai | C7: Easy MCP AI – Connect Claude to WordPress: MCP Server for ChatGPT & AI Agents | I7: =IF(COUNT(D7:H7)=0,0,AVERAGE(D7:H7)/5*Weights!$B$6) -> 0 | P7: =IF(COUNT(J7:O7)=0,0,AVERAGE(J7:O7)/5*Weights!$B$7) -> 0 | Q7: =IFERROR(IF(INDEX(Tasks!$K$5:$K$40,MATCH($B7,Tasks!$A$5:$A$40,0))="","",INDEX(Tasks!$K$5:$K$40,MATCH($B7,Tasks!$A$5:$A$40,0))*5),"") | T7: =IF(COUNT(Q7:S7)=0,0,AVERAGE(Q7:S7)/5*Weights!$B$8) -> 0 | U7: =IF(INDEX(Plugins!$F$5:$F$41,MATCH($B7,Plugins!$B$5:$B$41,0))<=Weights!$B$16,5,IF(INDEX(Plugins!$F$5:$F$41,MATCH($B7,Plugins!$B$5:$B$41,0))<=Weights!$B$17,4,IF(INDEX(Plugins!$F$5:$F$41,MATCH($B7,Plugins!$B$5:$B$41,0))<=Weights!$B$18,3,IF(INDEX(Plugins!$F$5:$F$41,MATCH($B7,Plugins!$B$5:$B$41,0))<=Weights!$B$19,2,1)))) -> 5 | V7: =IF(INDEX(Plugins!$D$5:$D$41,MATCH($B7,Plugins!$B$5:$B$41,0))>=Weights!$B$22,5,IF(INDEX(Plugins!$D$5:$D$41,MATCH($B7,Plugins!$B$5:$B$41,0))>=Weights!$B$23,4,IF(INDEX(Plugins!$D$5:$D$41,MATCH($B7,Plugins!$B$5:$B$41,0))>=Weights!$B$24,3,IF(INDEX(Plugins!$D$5:$D$41,MATCH($B7,Plugins!$B$5:$B$41,0))>=Weights!$B$25,2,1)))) -> 5 | W7: =IF(INDEX(Plugins!$H$5:$H$41,MATCH($B7,Plugins!$B$5:$B$41,0))=0,"",INDEX(Plugins!$G$5:$G$41,MATCH($B7,Plugins!$B$5:$B$41,0))/20) -> 5 | X7: =IF(INDEX(Plugins!$I$5:$I$41,MATCH($B7,Plugins!$B$5:$B$41,0))="Y",5,2) -> 5 | AA7: =IF(COUNT(U7:Z7)=0,0,AVERAGE(U7:Z7)/5*Weights!$B$9) -> 15 | AC7: =I7+P7+T7+AA7 -> 15 | AD7: =IF(AB7="Y",MIN(AC7,Weights!$B$13),AC7) -> 15 | AE7: =IF(AND(COUNT(D7:H7)>0,COUNT(J7:O7)>0),RANK(AD7,$AD$5:$AD$40),"")
A8: established | B8: royal-mcp | C8: Royal MCP – Secure AI Connector for Claude, ChatGPT & any LLM via MCP | I8: =IF(COUNT(D8:H8)=0,0,AVERAGE(D8:H8)/5*Weights!$B$6) -> 0 | P8: =IF(COUNT(J8:O8)=0,0,AVERAGE(J8:O8)/5*Weights!$B$7) -> 0 | Q8: =IFERROR(IF(INDEX(Tasks!$K$5:$K$40,MATCH($B8,Tasks!$A$5:$A$40,0))="","",INDEX(Tasks!$K$5:$K$40,MATCH($B8,Tasks!$A$5:$A$40,0))*5),"") | T8: =IF(COUNT(Q8:S8)=0,0,AVERAGE(Q8:S8)/5*Weights!$B$8) -> 0 | U8: =IF(INDEX(Plugins!$F$5:$F$41,MATCH($B8,Plugins!$B$5:$B$41,0))<=Weights!$B$16,5,IF(INDEX(Plugins!$F$5:$F$41,MATCH($B8,Plugins!$B$5:$B$41,0))<=Weights!$B$17,4,IF(INDEX(Plugins!$F$5:$F$41,MATCH($B8,Plugins!$B$5:$B$41,0))<=Weights!$B$18,3,IF(INDEX(Plugins!$F$5:$F$41,MATCH($B8,Plugins!$B$5:$B$41,0))<=Weights!$B$19,2,1)))) -> 5 | V8: =IF(INDEX(Plugins!$D$5:$D$41,MATCH($B8,Plugins!$B$5:$B$41,0))>=Weights!$B$22,5,IF(INDEX(Plugins!$D$5:$D$41,MATCH($B8,Plugins!$B$5:$B$41,0))>=Weights!$B$23,4,IF(INDEX(Plugins!$D$5:$D$41,MATCH($B8,Plugins!$B$5:$B$41,0))>=Weights!$B$24,3,IF(INDEX(Plugins!$D$5:$D$41,MATCH($B8,Plugins!$B$5:$B$41,0))>=Weights!$B$25,2,1)))) -> 5 | W8: =IF(INDEX(Plugins!$H$5:$H$41,MATCH($B8,Plugins!$B$5:$B$41,0))=0,"",INDEX(Plugins!$G$5:$G$41,MATCH($B8,Plugins!$B$5:$B$41,0))/20) -> 5 | X8: =IF(INDEX(Plugins!$I$5:$I$41,MATCH($B8,Plugins!$B$5:$B$41,0))="Y",5,2) -> 5 | AA8: =IF(COUNT(U8:Z8)=0,0,AVERAGE(U8:Z8)/5*Weights!$B$9) -> 15 | AC8: =I8+P8+T8+AA8 -> 15 | AD8: =IF(AB8="Y",MIN(AC8,Weights!$B$13),AC8) -> 15 | AE8: =IF(AND(COUNT(D8:H8)>0,COUNT(J8:O8)>0),RANK(AD8,$AD$5:$AD$40),"")
A9: established | B9: miniorange-secure-mcp-server | C9: Secure MCP Server for Claude, ChatGPT, Gemini and other AI Agents | I9: =IF(COUNT(D9:H9)=0,0,AVERAGE(D9:H9)/5*Weights!$B$6) -> 0 | P9: =IF(COUNT(J9:O9)=0,0,AVERAGE(J9:O9)/5*Weights!$B$7) -> 0 | Q9: =IFERROR(IF(INDEX(Tasks!$K$5:$K$40,MATCH($B9,Tasks!$A$5:$A$40,0))="","",INDEX(Tasks!$K$5:$K$40,MATCH($B9,Tasks!$A$5:$A$40,0))*5),"") | T9: =IF(COUNT(Q9:S9)=0,0,AVERAGE(Q9:S9)/5*Weights!$B$8) -> 0 | U9: =IF(INDEX(Plugins!$F$5:$F$41,MATCH($B9,Plugins!$B$5:$B$41,0))<=Weights!$B$16,5,IF(INDEX(Plugins!$F$5:$F$41,MATCH($B9,Plugins!$B$5:$B$41,0))<=Weights!$B$17,4,IF(INDEX(Plugins!$F$5:$F$41,MATCH($B9,Plugins!$B$5:$B$41,0))<=Weights!$B$18,3,IF(INDEX(Plugins!$F$5:$F$41,MATCH($B9,Plugins!$B$5:$B$41,0))<=Weights!$B$19,2,1)))) -> 5 | V9: =IF(INDEX(Plugins!$D$5:$D$41,MATCH($B9,Plugins!$B$5:$B$41,0))>=Weights!$B$22,5,IF(INDEX(Plugins!$D$5:$D$41,MATCH($B9,Plugins!$B$5:$B$41,0))>=Weights!$B$23,4,IF(INDEX(Plugins!$D$5:$D$41,MATCH($B9,Plugins!$B$5:$B$41,0))>=Weights!$B$24,3,IF(INDEX(Plugins!$D$5:$D$41,MATCH($B9,Plugins!$B$5:$B$41,0))>=Weights!$B$25,2,1)))) -> 4 | W9: =IF(INDEX(Plugins!$H$5:$H$41,MATCH($B9,Plugins!$B$5:$B$41,0))=0,"",INDEX(Plugins!$G$5:$G$41,MATCH($B9,Plugins!$B$5:$B$41,0))/20) -> 5 | X9: =IF(INDEX(Plugins!$I$5:$I$41,MATCH($B9,Plugins!$B$5:$B$41,0))="Y",5,2) -> 5 | AA9: =IF(COUNT(U9:Z9)=0,0,AVERAGE(U9:Z9)/5*Weights!$B$9) -> 14.25 | AC9: =I9+P9+T9+AA9 -> 14.25 | AD9: =IF(AB9="Y",MIN(AC9,Weights!$B$13),AC9) -> 14.25 | AE9: =IF(AND(COUNT(D9:H9)>0,COUNT(J9:O9)>0),RANK(AD9,$AD$5:$AD$40),"")
A10: established | B10: wsp-mcp-ai-agents-connector | C10: WSP MCP – Free MCP Plugin for WordPress: Connect Claude, ChatGPT & AI Agents | I10: =IF(COUNT(D10:H10)=0,0,AVERAGE(D10:H10)/5*Weights!$B$6) -> 0 | P10: =IF(COUNT(J10:O10)=0,0,AVERAGE(J10:O10)/5*Weights!$B$7) -> 0 | Q10: =IFERROR(IF(INDEX(Tasks!$K$5:$K$40,MATCH($B10,Tasks!$A$5:$A$40,0))="","",INDEX(Tasks!$K$5:$K$40,MATCH($B10,Tasks!$A$5:$A$40,0))*5),"") | T10: =IF(COUNT(Q10:S10)=0,0,AVERAGE(Q10:S10)/5*Weights!$B$8) -> 0 | U10: =IF(INDEX(Plugins!$F$5:$F$41,MATCH($B10,Plugins!$B$5:$B$41,0))<=Weights!$B$16,5,IF(INDEX(Plugins!$F$5:$F$41,MATCH($B10,Plugins!$B$5:$B$41,0))<=Weights!$B$17,4,IF(INDEX(Plugins!$F$5:$F$41,MATCH($B10,Plugins!$B$5:$B$41,0))<=Weights!$B$18,3,IF(INDEX(Plugins!$F$5:$F$41,MATCH($B10,Plugins!$B$5:$B$41,0))<=Weights!$B$19,2,1)))) -> 5 | V10: =IF(INDEX(Plugins!$D$5:$D$41,MATCH($B10,Plugins!$B$5:$B$41,0))>=Weights!$B$22,5,IF(INDEX(Plugins!$D$5:$D$41,MATCH($B10,Plugins!$B$5:$B$41,0))>=Weights!$B$23,4,IF(INDEX(Plugins!$D$5:$D$41,MATCH($B10,Plugins!$B$5:$B$41,0))>=Weights!$B$24,3,IF(INDEX(Plugins!$D$5:$D$41,MATCH($B10,Plugins!$B$5:$B$41,0))>=Weights!$B$25,2,1)))) -> 4 | W10: =IF(INDEX(Plugins!$H$5:$H$41,MATCH($B10,Plugins!$B$5:$B$41,0))=0,"",INDEX(Plugins!$G$5:$G$41,MATCH($B10,Plugins!$B$5:$B$41,0))/20) -> 5 | X10: =IF(INDEX(Plugins!$I$5:$I$41,MATCH($B10,Plugins!$B$5:$B$41,0))="Y",5,2) -> 5 | AA10: =IF(COUNT(U10:Z10)=0,0,AVERAGE(U10:Z10)/5*Weights!$B$9) -> 14.25 | AC10: =I10+P10+T10+AA10 -> 14.25 | AD10: =IF(AB10="Y",MIN(AC10,Weights!$B$13),AC10) -> 14.25 | AE10: =IF(AND(COUNT(D10:H10)>0,COUNT(J10:O10)>0),RANK(AD10,$AD$5:$AD$40),"")
A11: established | B11: cowboy-mcp | C11: Cowboy MCP – Free MCP Server with Undo for Claude & ChatGPT | I11: =IF(COUNT(D11:H11)=0,0,AVERAGE(D11:H11)/5*Weights!$B$6) -> 0 | P11: =IF(COUNT(J11:O11)=0,0,AVERAGE(J11:O11)/5*Weights!$B$7) -> 0 | Q11: =IFERROR(IF(INDEX(Tasks!$K$5:$K$40,MATCH($B11,Tasks!$A$5:$A$40,0))="","",INDEX(Tasks!$K$5:$K$40,MATCH($B11,Tasks!$A$5:$A$40,0))*5),"") | T11: =IF(COUNT(Q11:S11)=0,0,AVERAGE(Q11:S11)/5*Weights!$B$8) -> 0 | U11: =IF(INDEX(Plugins!$F$5:$F$41,MATCH($B11,Plugins!$B$5:$B$41,0))<=Weights!$B$16,5,IF(INDEX(Plugins!$F$5:$F$41,MATCH($B11,Plugins!$B$5:$B$41,0))<=Weights!$B$17,4,IF(INDEX(Plugins!$F$5:$F$41,MATCH($B11,Plugins!$B$5:$B$41,0))<=Weights!$B$18,3,IF(INDEX(Plugins!$F$5:$F$41,MATCH($B11,Plugins!$B$5:$B$41,0))<=Weights!$B$19,2,1)))) -> 5 | V11: =IF(INDEX(Plugins!$D$5:$D$41,MATCH($B11,Plugins!$B$5:$B$41,0))>=Weights!$B$22,5,IF(INDEX(Plugins!$D$5:$D$41,MATCH($B11,Plugins!$B$5:$B$41,0))>=Weights!$B$23,4,IF(INDEX(Plugins!$D$5:$D$41,MATCH($B11,Plugins!$B$5:$B$41,0))>=Weights!$B$24,3,IF(INDEX(Plugins!$D$5:$D$41,MATCH($B11,Plugins!$B$5:$B$41,0))>=Weights!$B$25,2,1)))) -> 4 | W11: =IF(INDEX(Plugins!$H$5:$H$41,MATCH($B11,Plugins!$B$5:$B$41,0))=0,"",INDEX(Plugins!$G$5:$G$41,MATCH($B11,Plugins!$B$5:$B$41,0))/20) -> 5 | X11: =IF(INDEX(Plugins!$I$5:$I$41,MATCH($B11,Plugins!$B$5:$B$41,0))="Y",5,2) -> 5 | AA11: =IF(COUNT(U11:Z11)=0,0,AVERAGE(U11:Z11)/5*Weights!$B$9) -> 14.25 | AC11: =I11+P11+T11+AA11 -> 14.25 | AD11: =IF(AB11="Y",MIN(AC11,Weights!$B$13),AC11) -> 14.25 | AE11: =IF(AND(COUNT(D11:H11)>0,COUNT(J11:O11)>0),RANK(AD11,$AD$5:$AD$40),"")
A12: established | B12: stifli-flex-mcp | C12: Flex MCP – Connect ChatGPT, Claude and AI agents with MCP, Undo, Abilities and Tools. | I12: =IF(COUNT(D12:H12)=0,0,AVERAGE(D12:H12)/5*Weights!$B$6) -> 0 | P12: =IF(COUNT(J12:O12)=0,0,AVERAGE(J12:O12)/5*Weights!$B$7) -> 0 | Q12: =IFERROR(IF(INDEX(Tasks!$K$5:$K$40,MATCH($B12,Tasks!$A$5:$A$40,0))="","",INDEX(Tasks!$K$5:$K$40,MATCH($B12,Tasks!$A$5:$A$40,0))*5),"") | T12: =IF(COUNT(Q12:S12)=0,0,AVERAGE(Q12:S12)/5*Weights!$B$8) -> 0 | U12: =IF(INDEX(Plugins!$F$5:$F$41,MATCH($B12,Plugins!$B$5:$B$41,0))<=Weights!$B$16,5,IF(INDEX(Plugins!$F$5:$F$41,MATCH($B12,Plugins!$B$5:$B$41,0))<=Weights!$B$17,4,IF(INDEX(Plugins!$F$5:$F$41,MATCH($B12,Plugins!$B$5:$B$41,0))<=Weights!$B$18,3,IF(INDEX(Plugins!$F$5:$F$41,MATCH($B12,Plugins!$B$5:$B$41,0))<=Weights!$B$19,2,1)))) -> 5 | V12: =IF(INDEX(Plugins!$D$5:$D$41,MATCH($B12,Plugins!$B$5:$B$41,0))>=Weights!$B$22,5,IF(INDEX(Plugins!$D$5:$D$41,MATCH($B12,Plugins!$B$5:$B$41,0))>=Weights!$B$23,4,IF(INDEX(Plugins!$D$5:$D$41,MATCH($B12,Plugins!$B$5:$B$41,0))>=Weights!$B$24,3,IF(INDEX(Plugins!$D$5:$D$41,MATCH($B12,Plugins!$B$5:$B$41,0))>=Weights!$B$25,2,1)))) -> 3 | W12: =IF(INDEX(Plugins!$H$5:$H$41,MATCH($B12,Plugins!$B$5:$B$41,0))=0,"",INDEX(Plugins!$G$5:$G$41,MATCH($B12,Plugins!$B$5:$B$41,0))/20) -> 5 | X12: =IF(INDEX(Plugins!$I$5:$I$41,MATCH($B12,Plugins!$B$5:$B$41,0))="Y",5,2) -> 5 | AA12: =IF(COUNT(U12:Z12)=0,0,AVERAGE(U12:Z12)/5*Weights!$B$9) -> 13.5 | AC12: =I12+P12+T12+AA12 -> 13.5 | AD12: =IF(AB12="Y",MIN(AC12,Weights!$B$13),AC12) -> 13.5 | AE12: =IF(AND(COUNT(D12:H12)>0,COUNT(J12:O12)>0),RANK(AD12,$AD$5:$AD$40),"")
A13: established | B13: agent-abilities-for-mcp | C13: Agent Abilities for MCP – Connect Claude and ChatGPT with Permission Controls and Audit Log | I13: =IF(COUNT(D13:H13)=0,0,AVERAGE(D13:H13)/5*Weights!$B$6) -> 0 | P13: =IF(COUNT(J13:O13)=0,0,AVERAGE(J13:O13)/5*Weights!$B$7) -> 0 | Q13: =IFERROR(IF(INDEX(Tasks!$K$5:$K$40,MATCH($B13,Tasks!$A$5:$A$40,0))="","",INDEX(Tasks!$K$5:$K$40,MATCH($B13,Tasks!$A$5:$A$40,0))*5),"") | T13: =IF(COUNT(Q13:S13)=0,0,AVERAGE(Q13:S13)/5*Weights!$B$8) -> 0 | U13: =IF(INDEX(Plugins!$F$5:$F$41,MATCH($B13,Plugins!$B$5:$B$41,0))<=Weights!$B$16,5,IF(INDEX(Plugins!$F$5:$F$41,MATCH($B13,Plugins!$B$5:$B$41,0))<=Weights!$B$17,4,IF(INDEX(Plugins!$F$5:$F$41,MATCH($B13,Plugins!$B$5:$B$41,0))<=Weights!$B$18,3,IF(INDEX(Plugins!$F$5:$F$41,MATCH($B13,Plugins!$B$5:$B$41,0))<=Weights!$B$19,2,1)))) -> 5 | V13: =IF(INDEX(Plugins!$D$5:$D$41,MATCH($B13,Plugins!$B$5:$B$41,0))>=Weights!$B$22,5,IF(INDEX(Plugins!$D$5:$D$41,MATCH($B13,Plugins!$B$5:$B$41,0))>=Weights!$B$23,4,IF(INDEX(Plugins!$D$5:$D$41,MATCH($B13,Plugins!$B$5:$B$41,0))>=Weights!$B$24,3,IF(INDEX(Plugins!$D$5:$D$41,MATCH($B13,Plugins!$B$5:$B$41,0))>=Weights!$B$25,2,1)))) -> 3 | W13: =IF(INDEX(Plugins!$H$5:$H$41,MATCH($B13,Plugins!$B$5:$B$41,0))=0,"",INDEX(Plugins!$G$5:$G$41,MATCH($B13,Plugins!$B$5:$B$41,0))/20) -> 4.8 | X13: =IF(INDEX(Plugins!$I$5:$I$41,MATCH($B13,Plugins!$B$5:$B$41,0))="Y",5,2) -> 5 | AA13: =IF(COUNT(U13:Z13)=0,0,AVERAGE(U13:Z13)/5*Weights!$B$9) -> 13.35 | AC13: =I13+P13+T13+AA13 -> 13.35 | AD13: =IF(AB13="Y",MIN(AC13,Weights!$B$13),AC13) -> 13.35 | AE13: =IF(AND(COUNT(D13:H13)>0,COUNT(J13:O13)>0),RANK(AD13,$AD$5:$AD$40),"")
A14: established | B14: diviops-agent | C14: DiviOps Agent | I14: =IF(COUNT(D14:H14)=0,0,AVERAGE(D14:H14)/5*Weights!$B$6) -> 0 | P14: =IF(COUNT(J14:O14)=0,0,AVERAGE(J14:O14)/5*Weights!$B$7) -> 0 | Q14: =IFERROR(IF(INDEX(Tasks!$K$5:$K$40,MATCH($B14,Tasks!$A$5:$A$40,0))="","",INDEX(Tasks!$K$5:$K$40,MATCH($B14,Tasks!$A$5:$A$40,0))*5),"") | T14: =IF(COUNT(Q14:S14)=0,0,AVERAGE(Q14:S14)/5*Weights!$B$8) -> 0 | U14: =IF(INDEX(Plugins!$F$5:$F$41,MATCH($B14,Plugins!$B$5:$B$41,0))<=Weights!$B$16,5,IF(INDEX(Plugins!$F$5:$F$41,MATCH($B14,Plugins!$B$5:$B$41,0))<=Weights!$B$17,4,IF(INDEX(Plugins!$F$5:$F$41,MATCH($B14,Plugins!$B$5:$B$41,0))<=Weights!$B$18,3,IF(INDEX(Plugins!$F$5:$F$41,MATCH($B14,Plugins!$B$5:$B$41,0))<=Weights!$B$19,2,1)))) -> 5 | V14: =IF(INDEX(Plugins!$D$5:$D$41,MATCH($B14,Plugins!$B$5:$B$41,0))>=Weights!$B$22,5,IF(INDEX(Plugins!$D$5:$D$41,MATCH($B14,Plugins!$B$5:$B$41,0))>=Weights!$B$23,4,IF(INDEX(Plugins!$D$5:$D$41,MATCH($B14,Plugins!$B$5:$B$41,0))>=Weights!$B$24,3,IF(INDEX(Plugins!$D$5:$D$41,MATCH($B14,Plugins!$B$5:$B$41,0))>=Weights!$B$25,2,1)))) -> 3 | W14: =IF(INDEX(Plugins!$H$5:$H$41,MATCH($B14,Plugins!$B$5:$B$41,0))=0,"",INDEX(Plugins!$G$5:$G$41,MATCH($B14,Plugins!$B$5:$B$41,0))/20) | X14: =IF(INDEX(Plugins!$I$5:$I$41,MATCH($B14,Plugins!$B$5:$B$41,0))="Y",5,2) -> 5 | AA14: =IF(COUNT(U14:Z14)=0,0,AVERAGE(U14:Z14)/5*Weights!$B$9) -> 13 | AC14: =I14+P14+T14+AA14 -> 13 | AD14: =IF(AB14="Y",MIN(AC14,Weights!$B$13),AC14) -> 13 | AE14: =IF(AND(COUNT(D14:H14)>0,COUNT(J14:O14)>0),RANK(AD14,$AD$5:$AD$40),"")
A15: established | B15: ai-workflow-automation-ai-agent-hub | C15: MCP Server for WordPress – Connect Claude, ChatGPT & Gemini | AtlasMCP | I15: =IF(COUNT(D15:H15)=0,0,AVERAGE(D15:H15)/5*Weights!$B$6) -> 0 | P15: =IF(COUNT(J15:O15)=0,0,AVERAGE(J15:O15)/5*Weights!$B$7) -> 0 | Q15: =IFERROR(IF(INDEX(Tasks!$K$5:$K$40,MATCH($B15,Tasks!$A$5:$A$40,0))="","",INDEX(Tasks!$K$5:$K$40,MATCH($B15,Tasks!$A$5:$A$40,0))*5),"") | T15: =IF(COUNT(Q15:S15)=0,0,AVERAGE(Q15:S15)/5*Weights!$B$8) -> 0 | U15: =IF(INDEX(Plugins!$F$5:$F$41,MATCH($B15,Plugins!$B$5:$B$41,0))<=Weights!$B$16,5,IF(INDEX(Plugins!$F$5:$F$41,MATCH($B15,Plugins!$B$5:$B$41,0))<=Weights!$B$17,4,IF(INDEX(Plugins!$F$5:$F$41,MATCH($B15,Plugins!$B$5:$B$41,0))<=Weights!$B$18,3,IF(INDEX(Plugins!$F$5:$F$41,MATCH($B15,Plugins!$B$5:$B$41,0))<=Weights!$B$19,2,1)))) -> 5 | V15: =IF(INDEX(Plugins!$D$5:$D$41,MATCH($B15,Plugins!$B$5:$B$41,0))>=Weights!$B$22,5,IF(INDEX(Plugins!$D$5:$D$41,MATCH($B15,Plugins!$B$5:$B$41,0))>=Weights!$B$23,4,IF(INDEX(Plugins!$D$5:$D$41,MATCH($B15,Plugins!$B$5:$B$41,0))>=Weights!$B$24,3,IF(INDEX(Plugins!$D$5:$D$41,MATCH($B15,Plugins!$B$5:$B$41,0))>=Weights!$B$25,2,1)))) -> 3 | W15: =IF(INDEX(Plugins!$H$5:$H$41,MATCH($B15,Plugins!$B$5:$B$41,0))=0,"",INDEX(Plugins!$G$5:$G$41,MATCH($B15,Plugins!$B$5:$B$41,0))/20) | X15: =IF(INDEX(Plugins!$I$5:$I$41,MATCH($B15,Plugins!$B$5:$B$41,0))="Y",5,2) -> 5 | AA15: =IF(COUNT(U15:Z15)=0,0,AVERAGE(U15:Z15)/5*Weights!$B$9) -> 13 | AC15: =I15+P15+T15+AA15 -> 13 | AD15: =IF(AB15="Y",MIN(AC15,Weights!$B$13),AC15) -> 13 | AE15: =IF(AND(COUNT(D15:H15)>0,COUNT(J15:O15)>0),RANK(AD15,$AD$5:$AD$40),"")
A16: established | B16: nibwp | C16: NIBWP – Self-Hosted MCP Server – Connect Claude, ChatGPT, Cursor & Any AI Agent via MCP | I16: =IF(COUNT(D16:H16)=0,0,AVERAGE(D16:H16)/5*Weights!$B$6) -> 0 | P16: =IF(COUNT(J16:O16)=0,0,AVERAGE(J16:O16)/5*Weights!$B$7) -> 0 | Q16: =IFERROR(IF(INDEX(Tasks!$K$5:$K$40,MATCH($B16,Tasks!$A$5:$A$40,0))="","",INDEX(Tasks!$K$5:$K$40,MATCH($B16,Tasks!$A$5:$A$40,0))*5),"") | T16: =IF(COUNT(Q16:S16)=0,0,AVERAGE(Q16:S16)/5*Weights!$B$8) -> 0 | U16: =IF(INDEX(Plugins!$F$5:$F$41,MATCH($B16,Plugins!$B$5:$B$41,0))<=Weights!$B$16,5,IF(INDEX(Plugins!$F$5:$F$41,MATCH($B16,Plugins!$B$5:$B$41,0))<=Weights!$B$17,4,IF(INDEX(Plugins!$F$5:$F$41,MATCH($B16,Plugins!$B$5:$B$41,0))<=Weights!$B$18,3,IF(INDEX(Plugins!$F$5:$F$41,MATCH($B16,Plugins!$B$5:$B$41,0))<=Weights!$B$19,2,1)))) -> 5 | V16: =IF(INDEX(Plugins!$D$5:$D$41,MATCH($B16,Plugins!$B$5:$B$41,0))>=Weights!$B$22,5,IF(INDEX(Plugins!$D$5:$D$41,MATCH($B16,Plugins!$B$5:$B$41,0))>=Weights!$B$23,4,IF(INDEX(Plugins!$D$5:$D$41,MATCH($B16,Plugins!$B$5:$B$41,0))>=Weights!$B$24,3,IF(INDEX(Plugins!$D$5:$D$41,MATCH($B16,Plugins!$B$5:$B$41,0))>=Weights!$B$25,2,1)))) -> 3 | W16: =IF(INDEX(Plugins!$H$5:$H$41,MATCH($B16,Plugins!$B$5:$B$41,0))=0,"",INDEX(Plugins!$G$5:$G$41,MATCH($B16,Plugins!$B$5:$B$41,0))/20) -> 5 | X16: =IF(INDEX(Plugins!$I$5:$I$41,MATCH($B16,Plugins!$B$5:$B$41,0))="Y",5,2) -> 5 | AA16: =IF(COUNT(U16:Z16)=0,0,AVERAGE(U16:Z16)/5*Weights!$B$9) -> 13.5 | AC16: =I16+P16+T16+AA16 -> 13.5 | AD16: =IF(AB16="Y",MIN(AC16,Weights!$B$13),AC16) -> 13.5 | AE16: =IF(AND(COUNT(D16:H16)>0,COUNT(J16:O16)>0),RANK(AD16,$AD$5:$AD$40),"")
... A40: challenger | B40: publishio | C40: Publishio – Build Pages & Posts with ChatGPT and Claude using MCP | I40: =IF(COUNT(D40:H40)=0,0,AVERAGE(D40:H40)/5*Weights!$B$6) -> 0 | P40: =IF(COUNT(J40:O40)=0,0,AVERAGE(J40:O40)/5*Weights!$B$7) -> 0 | Q40: =IFERROR(IF(INDEX(Tasks!$K$5:$K$40,MATCH($B40,Tasks!$A$5:$A$40,0))="","",INDEX(Tasks!$K$5:$K$40,MATCH($B40,Tasks!$A$5:$A$40,0))*5),"") | T40: =IF(COUNT(Q40:S40)=0,0,AVERAGE(Q40:S40)/5*Weights!$B$8) -> 0 | U40: =IF(INDEX(Plugins!$F$5:$F$41,MATCH($B40,Plugins!$B$5:$B$41,0))<=Weights!$B$16,5,IF(INDEX(Plugins!$F$5:$F$41,MATCH($B40,Plugins!$B$5:$B$41,0))<=Weights!$B$17,4,IF(INDEX(Plugins!$F$5:$F$41,MATCH($B40,Plugins!$B$5:$B$41,0))<=Weights!$B$18,3,IF(INDEX(Plugins!$F$5:$F$41,MATCH($B40,Plugins!$B$5:$B$41,0))<=Weights!$B$19,2,1)))) -> 4 | V40: =IF(INDEX(Plugins!$D$5:$D$41,MATCH($B40,Plugins!$B$5:$B$41,0))>=Weights!$B$22,5,IF(INDEX(Plugins!$D$5:$D$41,MATCH($B40,Plugins!$B$5:$B$41,0))>=Weights!$B$23,4,IF(INDEX(Plugins!$D$5:$D$41,MATCH($B40,Plugins!$B$5:$B$41,0))>=Weights!$B$24,3,IF(INDEX(Plugins!$D$5:$D$41,MATCH($B40,Plugins!$B$5:$B$41,0))>=Weights!$B$25,2,1)))) -> 2 | W40: =IF(INDEX(Plugins!$H$5:$H$41,MATCH($B40,Plugins!$B$5:$B$41,0))=0,"",INDEX(Plugins!$G$5:$G$41,MATCH($B40,Plugins!$B$5:$B$41,0))/20) | X40: =IF(INDEX(Plugins!$I$5:$I$41,MATCH($B40,Plugins!$B$5:$B$41,0))="Y",5,2) -> 5 | AA40: =IF(COUNT(U40:Z40)=0,0,AVERAGE(U40:Z40)/5*Weights!$B$9) -> 11 | AC40: =I40+P40+T40+AA40 -> 11 | AD40: =IF(AB40="Y",MIN(AC40,Weights!$B$13),AC40) -> 11 | AE40: =IF(AND(COUNT(D40:H40)>0,COUNT(J40:O40)>0),RANK(AD40,$AD$5:$AD$40),"")

Sheet Tasks
A1: Standard task results (run via Claude Desktop)
A2: Enter Pass, Partial or Fail. Partial counts as half. T7 and T8 test safety behaviour: Pass = confirmed/logged (T7) or correctly blocked (T8).
A4: Slug | B4: Name | C4: T1 List 5 most recent posts | D4: T2 Create draft post (heading, paragraph, image) | E4: T3 Edit an existing post's title and content | F4: T4 Upload an image to the media library | G4: T5 List installed plugins and versions | H4: T6 Change a site setting (tagline) | I4: T7 Delete a post: confirmed and logged? | J4: T8 Disallowed action: blocked? | K4: Pass rate | L4: Tasks run
A5: ai-engine | B5: AI Engine – The Chatbot, AI Framework & MCP for WordPress | K5: =IF(COUNTA(C5:J5)=0,"",(COUNTIF(C5:J5,"Pass")+0.5*COUNTIF(C5:J5,"Partial"))/COUNTA(C5:J5)) | L5: =COUNTA(C5:J5) -> 0
A6: vibe-ai | B6: WPVibe – MCP Server for WordPress, works with Claude, ChatGPT & other AI MCP agents | K6: =IF(COUNTA(C6:J6)=0,"",(COUNTIF(C6:J6,"Pass")+0.5*COUNTIF(C6:J6,"Partial"))/COUNTA(C6:J6)) | L6: =COUNTA(C6:J6) -> 0
A7: easy-mcp-ai | B7: Easy MCP AI – Connect Claude to WordPress: MCP Server for ChatGPT & AI Agents | K7: =IF(COUNTA(C7:J7)=0,"",(COUNTIF(C7:J7,"Pass")+0.5*COUNTIF(C7:J7,"Partial"))/COUNTA(C7:J7)) | L7: =COUNTA(C7:J7) -> 0
A8: royal-mcp | B8: Royal MCP – Secure AI Connector for Claude, ChatGPT & any LLM via MCP | K8: =IF(COUNTA(C8:J8)=0,"",(COUNTIF(C8:J8,"Pass")+0.5*COUNTIF(C8:J8,"Partial"))/COUNTA(C8:J8)) | L8: =COUNTA(C8:J8) -> 0
A9: miniorange-secure-mcp-server | B9: Secure MCP Server for Claude, ChatGPT, Gemini and other AI Agents | K9: =IF(COUNTA(C9:J9)=0,"",(COUNTIF(C9:J9,"Pass")+0.5*COUNTIF(C9:J9,"Partial"))/COUNTA(C9:J9)) | L9: =COUNTA(C9:J9) -> 0
A10: wsp-mcp-ai-agents-connector | B10: WSP MCP – Free MCP Plugin for WordPress: Connect Claude, ChatGPT & AI Agents | K10: =IF(COUNTA(C10:J10)=0,"",(COUNTIF(C10:J10,"Pass")+0.5*COUNTIF(C10:J10,"Partial"))/COUNTA(C10:J10)) | L10: =COUNTA(C10:J10) -> 0
A11: cowboy-mcp | B11: Cowboy MCP – Free MCP Server with Undo for Claude & ChatGPT | K11: =IF(COUNTA(C11:J11)=0,"",(COUNTIF(C11:J11,"Pass")+0.5*COUNTIF(C11:J11,"Partial"))/COUNTA(C11:J11)) | L11: =COUNTA(C11:J11) -> 0
A12: stifli-flex-mcp | B12: Flex MCP – Connect ChatGPT, Claude and AI agents with MCP, Undo, Abilities and Tools. | K12: =IF(COUNTA(C12:J12)=0,"",(COUNTIF(C12:J12,"Pass")+0.5*COUNTIF(C12:J12,"Partial"))/COUNTA(C12:J12)) | L12: =COUNTA(C12:J12) -> 0
A13: agent-abilities-for-mcp | B13: Agent Abilities for MCP – Connect Claude and ChatGPT with Permission Controls and Audit Log | K13: =IF(COUNTA(C13:J13)=0,"",(COUNTIF(C13:J13,"Pass")+0.5*COUNTIF(C13:J13,"Partial"))/COUNTA(C13:J13)) | L13: =COUNTA(C13:J13) -> 0
A14: diviops-agent | B14: DiviOps Agent | K14: =IF(COUNTA(C14:J14)=0,"",(COUNTIF(C14:J14,"Pass")+0.5*COUNTIF(C14:J14,"Partial"))/COUNTA(C14:J14)) | L14: =COUNTA(C14:J14) -> 0
A15: ai-workflow-automation-ai-agent-hub | B15: MCP Server for WordPress – Connect Claude, ChatGPT & Gemini | AtlasMCP | K15: =IF(COUNTA(C15:J15)=0,"",(COUNTIF(C15:J15,"Pass")+0.5*COUNTIF(C15:J15,"Partial"))/COUNTA(C15:J15)) | L15: =COUNTA(C15:J15) -> 0
A16: nibwp | B16: NIBWP – Self-Hosted MCP Server – Connect Claude, ChatGPT, Cursor & Any AI Agent via MCP | K16: =IF(COUNTA(C16:J16)=0,"",(COUNTIF(C16:J16,"Pass")+0.5*COUNTIF(C16:J16,"Partial"))/COUNTA(C16:J16)) | L16: =COUNTA(C16:J16) -> 0
... A40: publishio | B40: Publishio – Build Pages & Posts with ChatGPT and Claude using MCP | K40: =IF(COUNTA(C40:J40)=0,"",(COUNTIF(C40:J40,"Pass")+0.5*COUNTIF(C40:J40,"Partial"))/COUNTA(C40:J40)) | L40: =COUNTA(C40:J40) -> 0

Sheet Plugins
A1: Shortlisted plugins (WordPress.org data)
A2: Data fetched 2026-10-15. Rating is 0-100 as returned by the API. The baseline row is a reference and is not scored.
A4: Lane | B4: Slug | C4: Name | D4: Active installs | E4: Last updated | F4: Days since update | G4: Rating (0-100) | H4: Num ratings | I4: Tested up to current WP? | J4: Mentions Abilities API / MCP Adapter? | K4: URL | L4: Short description
A5: established | B5: ai-engine | C5: AI Engine – The Chatbot, AI Framework & MCP for WordPress | D5: 90000 | E5: 46309 | F5: =Weights!$B$3-E5 -> 1 | G5: 98 | H5: 871 | I5: Y | J5: Y | K5: https://wordpress.org/plugins/ai-engine/ | L5: The AI chatbot, AI agent and MCP server for WordPress. Connect OpenAI, Claude, Gemini and more to chat, write, search and automate your site.
A6: established | B6: vibe-ai | C6: WPVibe – MCP Server for WordPress, works with Claude, ChatGPT & other AI MCP agents | D6: 70000 | E6: 46309 | F6: =Weights!$B$3-E6 -> 1 | G6: 100 | H6: 127 | I6: Y | J6: Y | K6: https://wordpress.org/plugins/vibe-ai/ | L6: MCP server for WordPress. Connect Claude, ChatGPT, Cursor or any MCP client to manage content, themes and settings, with approvals.
A7: established | B7: easy-mcp-ai | C7: Easy MCP AI – Connect Claude to WordPress: MCP Server for ChatGPT & AI Agents | D7: 20000 | E7: 46310 | F7: =Weights!$B$3-E7 -> 0 | G7: 100 | H7: 14 | I7: Y | J7: Y | K7: https://wordpress.org/plugins/easy-mcp-ai/ | L7: Secure WordPress MCP server: we never see your data. Connect Claude, ChatGPT & AI agents to WordPress. 280+ tools for WooCommerce, SEO & GA4. Free.
A8: established | B8: royal-mcp | C8: Royal MCP – Secure AI Connector for Claude, ChatGPT & any LLM via MCP | D8: 10000 | E8: 46310 | F8: =Weights!$B$3-E8 -> 0 | G8: 100 | H8: 7 | I8: Y | J8: Y | K8: https://wordpress.org/plugins/royal-mcp/ | L8: 200+ MCP tools. OAuth 2.0 + WebMCP. Connect Claude, ChatGPT, Perplexity, Gemini or any MCP agent to your WordPress site. 100% self-hosted.
A9: established | B9: miniorange-secure-mcp-server | C9: Secure MCP Server for Claude, ChatGPT, Gemini and other AI Agents | D9: 6000 | E9: 46303 | F9: =Weights!$B$3-E9 -> 7 | G9: 100 | H9: 9 | I9: Y | J9: Y | K9: https://wordpress.org/plugins/miniorange-secure-mcp-server/ | L9: The #1 secure WordPress MCP server for connecting Claude, ChatGPT, & AI agents (MCP Clients) with 400+ tools for WooCommerce, SEO, Elementor, audi …
A10: established | B10: wsp-mcp-ai-agents-connector | C10: WSP MCP – Free MCP Plugin for WordPress: Connect Claude, ChatGPT & AI Agents | D10: 2000 | E10: 46308 | F10: =Weights!$B$3-E10 -> 2 | G10: 100 | H10: 5 | I10: Y | J10: N | K10: https://wordpress.org/plugins/wsp-mcp-ai-agents-connector/ | L10: Free MCP plugin for WordPress. Connect Claude, ChatGPT, Cursor or any AI agent and manage your site by chat. 200+ tools, no coding needed.
A11: established | B11: cowboy-mcp | C11: Cowboy MCP – Free MCP Server with Undo for Claude & ChatGPT | D11: 1000 | E11: 46309 | F11: =Weights!$B$3-E11 -> 1 | G11: 100 | H11: 4 | I11: Y | J11: Y | K11: https://wordpress.org/plugins/cowboy-mcp/ | L11: Connect Claude, ChatGPT, Gemini, Cursor & any AI agent to your site. Free, secure WordPress MCP server (Model Context Protocol). Undo any change.
A12: established | B12: stifli-flex-mcp | C12: Flex MCP – Connect ChatGPT, Claude and AI agents with MCP, Undo, Abilities and Tools. | D12: 800 | E12: 46308 | F12: =Weights!$B$3-E12 -> 2 | G12: 100 | H12: 4 | I12: Y | J12: N | K12: https://wordpress.org/plugins/stifli-flex-mcp/ | L12: The most secure MCP Server for WordPress with Undo, plus AI Copilot & Chat Agent. ChatGPT, Claude, Gemini, OpenRouter & Mistral.
A13: established | B13: agent-abilities-for-mcp | C13: Agent Abilities for MCP – Connect Claude and ChatGPT with Permission Controls and Audit Log | D13: 600 | E13: 46310 | F13: =Weights!$B$3-E13 -> 0 | G13: 96 | H13: 5 | I13: Y | J13: Y | K13: https://wordpress.org/plugins/agent-abilities-for-mcp/ | L13: WordPress MCP server for Claude and ChatGPT. Run one site or many with limited access, read-only mode, drafts you approve and an audit log.
A14: established | B14: diviops-agent | C14: DiviOps Agent | D14: 500 | E14: 46309 | F14: =Weights!$B$3-E14 -> 1 | G14: 0 | H14: 0 | I14: Y | J14: N | K14: https://wordpress.org/plugins/diviops-agent/ | L14: Connect Codex or Claude to WordPress through MCP. Build and improve editable Divi 5 pages with the DiviOps AI harness.
A15: established | B15: ai-workflow-automation-ai-agent-hub | C15: MCP Server for WordPress – Connect Claude, ChatGPT & Gemini | AtlasMCP | D15: 300 | E15: 46304 | F15: =Weights!$B$3-E15 -> 6 | G15: 0 | H15: 0 | I15: Y | J15: Y | K15: https://wordpress.org/plugins/ai-workflow-automation-ai-agent-hub/ | L15: Secure MCP server for WordPress. Connect Claude, ChatGPT & Gemini via OAuth 2.1. Unlimited AI abilities, WooCommerce tools, RBAC, editor AI.
A16: established | B16: nibwp | C16: NIBWP – Self-Hosted MCP Server – Connect Claude, ChatGPT, Cursor & Any AI Agent via MCP | D16: 300 | E16: 46295 | F16: =Weights!$B$3-E16 -> 15 | G16: 100 | H16: 2 | I16: Y | J16: Y | K16: https://wordpress.org/plugins/nibwp/ | L16: Self-hosted WordPress MCP server. Connect Claude, ChatGPT, Cursor & any AI agent over MCP. Built on the core Abilities API - no relay, no account.
... A41: baseline | B41: mcp-adapter | C41: MCP Adapter | D41: 40000 | E41: 46297 | F41: =Weights!$B$3-E41 -> 13 | G41: 0 | H41: 0 | I41: Y | J41: Y | K41: https://wordpress.org/plugins/mcp-adapter/ | L41: Expose WordPress abilities as Model Context Protocol (MCP) tools, resources, and prompts for AI agents.

Sheet Weights
A1: Weights and thresholds
A3: Data as of | B3: 46310 | C3: Date the WordPress.org data was fetched; used for 'days since update'.
A5: Area | B5: Weight
A6: Setup & connection | B6: 30
A7: Security & auth | B7: 30
A8: Capabilities | B8: 25
A9: Quality & maintenance | B9: 15
A10: Total | B10: =SUM(B6:B9) -> 100 | C10: =IF(B10=100,"OK","Weights must total 100") -> OK
A12: Security hard-fail cap
A13: Max total score if 'Security hard fail?' = Y | B13: 40 | C13: Assumption: set by the presenter (starting point, adjust as you like).
A15: Update recency thresholds (days since last update, for 5 / 4 / 3 / 2 points; older = 1)
A16: 5 points if updated within (days) | B16: 30
A17: 4 points if updated within (days) | B17: 90
A18: 3 points if updated within (days) | B18: 180
A19: 2 points if updated within (days) | B19: 365
A21: Adoption thresholds (active installs, for 5 / 4 / 3 / 2 points; fewer = 1)
A22: 5 points if installs at least | B22: 10000
A23: 4 points if installs at least | B23: 1000
A24: 3 points if installs at least | B24: 100
A25: 2 points if installs at least | B25: 10
A27: Note: adoption is one of six Quality sub-scores (15% of the total), so low installs cost a challenger little.
